游戏名,房间名,主播头衔,热度/万,主播昵称,直播网址
穿越火线,二台【格局】最强排位上分机器,无,103.8,鲜肉赵山河,https://www.douyu.com//435504
穿越火线,【超欧】送礼物可以拿斗鱼皮肤/背包,无,85.5,橙子大小姐,https://www.douyu.com//5727882
穿越火线,【预告】27日19点 KZ vs ES,无,83.7,穿越火线运营团队,https://www.douyu.com//605964
穿越火线,最欧 送礼拿斗鱼皮肤苹果,无,73.7,小脑妹,https://www.douyu.com//5621575
穿越火线,开钻粉办卡拿斗鱼全套皮肤苹果,肖晨杯生化赛事创始人,73,肖晨吖,https://www.douyu.com//3357246
穿越火线,送礼钻粉拿斗鱼皮肤~~,无,54.3,渝万丶狗哥,https://www.douyu.com//6310
穿越火线,送礼拿斗鱼皮肤苹果白鲨鼠标垫,无,46.3,白鲨暖文,https://www.douyu.com//6724991
穿越火线,荣耀世冠-龙儿 粉烟 召集币 6盘6列,无,34.8,老V丶,https://www.douyu.com//600594
穿越火线,硬仔嗨起 6烈6盘突突起来！,无,33,渝万丶灭尸,https://www.douyu.com//4333872
穿越火线,【重播】CFEL  S1,无,31.7,穿越火线赛事专用,https://www.douyu.com//522798
穿越火线,上分?双排?祝你朝朝暮暮有人疼,CF声优女突破手,26.8,蜜蜜姐i,https://www.douyu.com//631275
穿越火线,拼团/荣耀世冠/龙儿小淘气,无,28.7,主播蹦嚓149435,https://www.douyu.com//149435
穿越火线,慢热女孩小筱雪??,无,27.2,小筱雪y,https://www.douyu.com//8861097
穿越火线,小哲：30人乱斗生化！,无,25.8,渝万丶小哲,https://www.douyu.com//4333088
穿越火线,帮打排位/效率/高质量选手。,2021山东百城联赛省冠狙神,5,情久霸天丶,https://www.douyu.com//8885916
穿越火线,送全部活动，秒上号,无,25.4,猛叔是个大帅BBBBBBBB,https://www.douyu.com//148278
穿越火线,极速上分，猛猛上，,无,22.6,214514加藤鹰,https://www.douyu.com//214514
穿越火线,一起看CFPLS20啦~~~,无,17.2,白鲨xiubi丶,https://www.douyu.com//22690
穿越火线,渣渣枫：斗鱼最强女鬼救世主,无,14.4,渣渣枫007,https://www.douyu.com//3859824
穿越火线,百城AK周省冠礼包,无,14.3,白鲨金豆豆,https://www.douyu.com//1974713
穿越火线,全区帮打/首胜／安全分/秒上号,全球最稳灭队小能手,12.7,游戏坑姐,https://www.douyu.com//10506452
穿越火线,今晚解说CFPL~47895,无,12.6,白鲨加菲,https://www.douyu.com//47895
穿越火线,全区无号，来个号吧秒上，荣耀/荣耀之巅,无,11.8,顾誠吖,https://www.douyu.com//6995382
穿越火线,最近王心凌很火的那首歌叫啥来着？,CF声优M4大神,11.5,情久袭羊羊,https://www.douyu.com//8103518
穿越火线,排位女土匪，第一女QBZ.全区秒,无,11.2,情久优柔,https://www.douyu.com//8495302
穿越火线,苗族妹妹的排位之路/荣耀之巅,无,11.2,白鲨欧苗苗,https://www.douyu.com//60888
穿越火线,秒上号不排队/学技术看简单~,无,10.4,白鲨简单,https://www.douyu.com//8697971
穿越火线,稳住心态不生气 ！,无,9.9,可恶丶迷失称神,https://www.douyu.com//9960625
穿越火线,寻找我的贴心老baby.,无,9.9,迷大宝,https://www.douyu.com//1363990
穿越火线,多闻草木少识人 长守自在清净心,无,9.2,情久美素,https://www.douyu.com//5286883
穿越火线,全区帮打排位/秒上/保榜,2021福建省秋季百城联赛冠军,9.2,赛航XXL,https://www.douyu.com//6704179
穿越火线,开钻粉，上荣耀之巅,无,8.6,情久神奇大微微,https://www.douyu.com//554
穿越火线,恭喜柒柒首枚紫牌冠名?,CF金牌M4,8.6,小福歆,https://www.douyu.com//9246009
穿越火线,老阿姨v小姐姐,无,7.3,cf慧慧,https://www.douyu.com//7435496
穿越火线,帮打全区排位/上分/上豆/小时,无,6.9,大觅觅yo,https://www.douyu.com//8763403
穿越火线,最强AWM234杀13年狙神120万杀敌,无,6.7,湖南个竞狙神宝锅,https://www.douyu.com//5753791
穿越火线,专业冲分！素质主播！,无,6.6,情久秋宇,https://www.douyu.com//8542577
穿越火线,举目见日，不见长安,CF上分女武神,6.3,李莹吖y,https://www.douyu.com//8727515
穿越火线,排位/卡牌/小时/秒上号,排位女司机,6.2,情久晴崽,https://www.douyu.com//1339667
穿越火线,·-·我有一头小毛驴~~,无,6,萌a萌,https://www.douyu.com//8002300
穿越火线,没号 飞机荣耀之巅,无,5.4,CF石山,https://www.douyu.com//7610330
穿越火线,对人要和气，但不要狎昵。,无,5.1,单雨瑶,https://www.douyu.com//4565731
穿越火线,这几天是录播 出门办事 记得荧光棒续牌子,无,5.1,摇热k,https://www.douyu.com//5431561
穿越火线,全能型天才 10150227,无,5,E十丶小师弟,https://www.douyu.com//10150227
穿越火线,全区排位?首胜?栽楞小QBZ在线上分?,无,4.9,小酥汐i,https://www.douyu.com//10069329
穿越火线,海盗船开船了~,庆余年优秀主播,4.5,拥有晴天,https://www.douyu.com//5282998
穿越火线,免费帮全区上号/来个号秒上,无,4.5,白鲨肥太狼,https://www.douyu.com//10358406
穿越火线,库库林·白夜,无,4.3,山花爛漫时,https://www.douyu.com//5083807
穿越火线,粉丝牌/关注=排位,新疆高延迟枪王之王,4.2,白鲨小画家,https://www.douyu.com//1731884
穿越火线,想遇到那个彩虹般的人,无,4.2,SK丶方紫菲,https://www.douyu.com//9373034
穿越火线,睡前故事/温柔御姐风 做你心上人,无,4.1,白鲨小泗,https://www.douyu.com//7921242
穿越火线,帮打全区排位/上分/上豆/小时/荣耀之巅,无,4.1,你的迷人9,https://www.douyu.com//6160997
穿越火线,轮播~下午见,无,4.1,cf杀三里,https://www.douyu.com//10415441
穿越火线,这个直播间怎么开心怎么来,无,3.6,予轻纱,https://www.douyu.com//4557642
穿越火线,【绿芜】继续修仙…,无,3.4,绿芜法力无边,https://www.douyu.com//418804
穿越火线,呐邱：全网高效率上分/荣耀/之巅/,无,3.4,白日梦想家呐邱,https://www.douyu.com//1319636
穿越火线,帮打排位来个号秒上～,无,3.1,轩轩yyds,https://www.douyu.com//10049980
穿越火线,C··F··/挑战系列/来十年解忧,无,2.9,汉宫甄无敌,https://www.douyu.com//7878350
穿越火线,持续摆烂中 = =,无,2.8,我给自己光,https://www.douyu.com//10694556
穿越火线,我单身我快乐,无,2.6,米子衿,https://www.douyu.com//10251217
穿越火线,荣耀世冠 终身会员 挑战武器 6烈6盘龙,无,2.5,汉宫暖阳,https://www.douyu.com//6394653
穿越火线,帮打排位/不排队/秒上号,无,2.4,Kz秒狙,https://www.douyu.com//9184632
穿越火线,老年刀战及幽灵玩家！刀排可找我！,无,2.4,帝都幽冥鬼戕,https://www.douyu.com//2237590
穿越火线,龙儿-粉烟-柯尔特卡通-毁灭青帝,无,2.2,主播阿森呀,https://www.douyu.com//7603238
穿越火线,挑战专家/荣耀世冠/无尽箱/,无,2.2,老简一,https://www.douyu.com//6861192
穿越火线,【幻逸】免费首胜 秒上号猛上分,无,2.1,幻逸超神了,https://www.douyu.com//4880556
穿越火线,520.我还是比较喜欢521,无,1.9,KZ小熊,https://www.douyu.com//8704088
穿越火线,随缘开播 随缘游戏,无,1.6,Doggii,https://www.douyu.com//7056277
穿越火线,【暴躁厨师】感谢陪伴,无,1.6,言意轩OvO,https://www.douyu.com//43433
穿越火线,幻神M200/幻神宠儿/迷迭香,无,1.4,骚涵cf活动达人,https://www.douyu.com//9775733
穿越火线,开钻粉/荣耀/挑战大师/排位,无,1.2,谦QS狙击魔术师,https://www.douyu.com//7696318
穿越火线,刀战全能主播，枪王之王不是有手就行~,无,1.2,北部小沐,https://www.douyu.com//9585425
穿越火线,【张公子】一诚能抵万恶,无,1.1,人间清醒张公子,https://www.douyu.com//1276747
穿越火线,新的一天哟,无,1.1,五年兵痞69,https://www.douyu.com//10861383
穿越火线,CF-菜鸡互啄,无,1.1,悠闲的咚咚Sir,https://www.douyu.com//86601
穿越火线,慢慢成长努力变强~,无,1,CF52秋,https://www.douyu.com//10656272
穿越火线,免费上号哦 10691578,无,0.9,cf念圆,https://www.douyu.com//10691578
穿越火线,北部后百.康复训练,无,0.9,我先让你两发,https://www.douyu.com//2624294
穿越火线,全区排位/只要未来可期今天就值得欢喜,无,0.9,甜心pro,https://www.douyu.com//9700569
穿越火线,回归主播排位掉分,无,0.9,一只桔梗biu,https://www.douyu.com//7997704
穿越火线,全区枪王荣耀/秒上号/极速上分~@,无,0.8,白鲨熊猫君,https://www.douyu.com//3932834
穿越火线,新主播！多多支持！！！,无,0.8,CF天赐丶,https://www.douyu.com//10864093
穿越火线,北部的神哦,无,0.8,白鲨小男孩,https://www.douyu.com//6545112
穿越火线,新赛季/秒上号/首胜,无,0.8,超神和纱QAQ,https://www.douyu.com//9592238
穿越火线,暴躁追击，全程小道,无,0.7,张子安i,https://www.douyu.com//3224286
穿越火线,梓毅：首胜/上分到荣耀/上豆/荣耀之巅,无,0.7,CF梓毅,https://www.douyu.com//6986060
穿越火线,深夜娱乐~~~,无,0.7,白鲨三井,https://www.douyu.com//6727664
穿越火线,万千灯火等不来你的直播间,无,0.7,万千灯火等不来你,https://www.douyu.com//10822324
穿越火线,全区9A91排位走起～鱼儿,无,0.6,化羽鱼儿,https://www.douyu.com//10097267
穿越火线,南部排位小姐姐～,无,0.6,KZ月貌,https://www.douyu.com//16210
穿越火线,清汤锅yyds：小练一会,无,0.5,VL1ang,https://www.douyu.com//8817928
穿越火线,首胜，上分~~~~~~~,无,0.5,原老6,https://www.douyu.com//5617362
穿越火线,练枪练枪 4832066,无,0.5,思腾LG,https://www.douyu.com//4832066
穿越火线,免费上荣耀首胜,无,0.5,李航ovo,https://www.douyu.com//10740328
穿越火线,AG世冠/雷神虎将/王者凌霄/,无,0.4,太原庞臭臭,https://www.douyu.com//580883
穿越火线,免费/任务/挑战/活动,无,0.4,JinDaShu,https://www.douyu.com//9803122
穿越火线,菜鸡登场喽,无,0.4,Lz小承承,https://www.douyu.com//9041568
穿越火线,生化酒店，第三真神，0加成跑酷！,无,0.4,新凰King,https://www.douyu.com//10207463
穿越火线,38岁阿姨，下饭主题专场,无,0.4,情久卷卷,https://www.douyu.com//9305472
穿越火线,回忆总想哭，一个人太孤独,无,0.4,汉宫冬天,https://www.douyu.com//8584158
穿越火线,保持热爱 奔赴山海  2961070,无,0.4,cf雨落晴天,https://www.douyu.com//2961070
穿越火线,东部排位开始摆烂！！！,无,0.4,白鲨小古屋,https://www.douyu.com//6702766
穿越火线,旧梦难醒又菜又爱玩的直播间,无,0.3,旧梦难醒又菜又爱玩,https://www.douyu.com//10714994
穿越火线,新人报道，娱乐不存在技术可言,无,0.3,我爱死狗,https://www.douyu.com//9658404
穿越火线,我赌你排位天天马枪,无,0.3,花花念伱如初,https://www.douyu.com//10718089
穿越火线,CHeN3996128的直播间,无,0.3,CHeN3996128,https://www.douyu.com//10803852
穿越火线,北部掉豆之旅！,无,0.3,单翼z,https://www.douyu.com//9466283
穿越火线,kuer的直播间,无,0.3,BestKuer,https://www.douyu.com//2656908
穿越火线,帮打排位首胜 ，10514821,无,0.3,暖月HS,https://www.douyu.com//10514821
穿越火线,想玩的一起来 6079089,无,0.3,丿坏大大丿857,https://www.douyu.com//6079089
穿越火线,萌新来啦！ 9587319,无,0.3,你嘞大爷,https://www.douyu.com//9587319
穿越火线,上点分！！！ 9698434,无,0.3,E十丶阿峰学长,https://www.douyu.com//9698434
穿越火线,夜色难免黑凉，前行必有曙光,无,0.3,弹道1st,https://www.douyu.com//5460452
穿越火线,兴周伐纣 订阅来一波！ 23808,无,0.2,电竞阆苑,https://www.douyu.com//23808
穿越火线,穿越火线\(^o^)/~,无,0.2,大萌乖乖,https://www.douyu.com//5163318
穿越火线,冲冲冲，准备动手~,无,0.2,若愛只如初見丶,https://www.douyu.com//10799670
穿越火线,北部传奇枪王有车位,无,0.2,汉宫阿柚,https://www.douyu.com//5428165
穿越火线,老6跟很6的区别,无,0.2,丨铁球丨,https://www.douyu.com//5273591
穿越火线,新赛季搞起来/排位/秒上/上分/上豆，,无,0.2,皑无双,https://www.douyu.com//9198023
穿越火线,努力练枪追东部前百！！！,无,0.2,听说牛牛很帅,https://www.douyu.com//10782588
穿越火线,光速大逃脱穿越火线特辑,无,0.2,穿越火线赛事,https://www.douyu.com//5388537
穿越火线,山东杯16强山东中医药VS山东财经,山东中医药大学电竞社,0.2,山东中医药大学电竞社,https://www.douyu.com//10808307
穿越火线,中國加油！！,无,0.1,ZQ曾奇ZQ,https://www.douyu.com//10293382
穿越火线,传说武器全家桶，暴揍小红和小蓝~,无,0.1,神之刃y,https://www.douyu.com//9360048
穿越火线,”山东杯“决赛！,山东财经大学电竞社,0.1,山东财经大学电竞社,https://www.douyu.com//10630525
穿越火线,排位秒上号~,无,0.1,亮亮别无所求,https://www.douyu.com//5958000
穿越火线,娱乐娱乐乐 10782681,无,0.1,朱皮饿霸,https://www.douyu.com//10782681
穿越火线,卷毛:新主播点关注免费上号打排位,无,0.1,温柔的卷毛,https://www.douyu.com//5912038
穿越火线,办卡上号一小时,无,0.1,于洋qwq,https://www.douyu.com//9272574
穿越火线,山东杯四强争霸赛,威海职业学院电竞社,0.1,威海职业学院电竞社,https://www.douyu.com//10630538
穿越火线,打游戏咯咯咯咯,无,0.1,Daladay,https://www.douyu.com//7945192
穿越火线,关注首胜~ 粉丝牌一小时 包小段,无,0.1,丶天下青山一样,https://www.douyu.com//10856975
穿越火线,山东杯小组赛  十组淘汰赛,潍坊科技学院电竞社,0.1,别离已成必然,https://www.douyu.com//10808341
穿越火线,翻斗花园突破手牛爷爷,无,0.1,cf满月,https://www.douyu.com//40654
穿越火线,山东交通职业学院电竞社的直播间,山东交通职业学院电竞社,0.1,浅唱姐的忧伤,https://www.douyu.com//10808328
穿越火线,电卷秒到/6列6盘蝴蝶,无,0.1,CF交易所1,https://www.douyu.com//10857619
穿越火线,CF禽兽狙 精彩视频频道,无,0.1,穿越火线禽兽狙,https://www.douyu.com//5391916
穿越火线,荣耀之扑克牌,无,0.1,少恭09,https://www.douyu.com//4666858
穿越火线,弹幕搞起来,无,0.1,嘀嘀嘀三三四四,https://www.douyu.com//10756247
穿越火线,See you at the top,无,0.1,丶oKk,https://www.douyu.com//8334143
穿越火线,今天是个好日子，啦啦啦啦,无,0.1,樰er哟,https://www.douyu.com//5228202
穿越火线,第一天玩cf！有一起的嘛~,无,0.1,白鲨菀妹,https://www.douyu.com//7059854
穿越火线,荣耀娱乐局-,无,0.1,cf箐茶,https://www.douyu.com//10406301
穿越火线,带大家看掉宗师,无,0.1,初光电子竞技协会,https://www.douyu.com//10639148
穿越火线,南部战服！！,无,0.1,CF俗人syt,https://www.douyu.com//8890026
穿越火线,真是好久不见 883,无,0.1,PUBG五达电脑配置推荐,https://www.douyu.com//883
穿越火线,怪蜀黍回归了,无,0.1,怪蜀黍minoss,https://www.douyu.com//1804706
穿越火线,一浮云直播间,无,0.1,一切都是浮云915,https://www.douyu.com//10836501
穿越火线,刷礼物点关注秒上分,无,0.1,TXGame77468771,https://www.douyu.com//10751955
穿越火线,吴壮壮有点忙,无,0.1,吴壮壮很忙,https://www.douyu.com//10819851
穿越火线,CF各类模式1080 60帧视频,无,0.1,CF小唔桐,https://www.douyu.com//5871857
穿越火线,cf校内内战，周日,贵州师范大学电竞社,0.1,贵州师范大学电竞社,https://www.douyu.com//10318616
穿越火线,DJ刀战溜狗嘎嘎爽,无,0.1,矿泉水一乒,https://www.douyu.com//10817979
穿越火线,亲爱的奶油直播间,无,0.1,亲爱的奶油,https://www.douyu.com//10859403
穿越火线,你是神明赐的礼物的直播间,无,0.1,阿乐dgz,https://www.douyu.com//10793394
穿越火线,随便玩会吧！！！,无,0.1,筱嵩夏,https://www.douyu.com//8769014
穿越火线,首胜/定级/爆裂者/猫爪/秒上号,无,0.1,cf心殇,https://www.douyu.com//8384365
穿越火线,CF 荣耀之巅 上豆,无,0.1,李琼玖,https://www.douyu.com//5571112
穿越火线,1月新版本精彩回看,无,0.1,CF节目组,https://www.douyu.com//9141567
穿越火线,ZS排位 新赛季,无,0.1,物语471,https://www.douyu.com//10171972
穿越火线,穿越火线：最精彩的个人击杀／枪王排位,无,0.1,CFHenry,https://www.douyu.com//10563440
穿越火线,下饭主播ovo,无,0.1,蓝眼睛ovo,https://www.douyu.com//5472138
穿越火线,贩卖机：西部排位,无,0.1,心动贩卖机丶,https://www.douyu.com//6554947
穿越火线,又菜又爱玩的喳喳,无,0.1,腻40949,https://www.douyu.com//10871697
穿越火线,定级，上分/秒上号，空闲中！,无,0.1,白鲨必杀,https://www.douyu.com//7407716
穿越火线,冲冲冲0420560,烟台黄金职业学院电竞社,0.1,烟台黄金职业学院电竞,https://www.douyu.com//10420560
穿越火线,全球使命溪云的直播间,无,0.1,全球使命溪云,https://www.douyu.com//9606181
穿越火线,北部小火车出发了,无,0.1,阿Weii,https://www.douyu.com//19129
穿越火线,联盟旧梦111的直播间,无,0.1,联盟旧梦111,https://www.douyu.com//10783305
穿越火线,零冲单排上枪王,无,0,煋雲丶嗼忘初心,https://www.douyu.com//7400475
穿越火线,新人up视频轮播，一些脑洞的单机枪械变化,无,0,橘长呀,https://www.douyu.com//8697905
穿越火线,每天500个保持手感,无,0,Xccc04,https://www.douyu.com//7212606
穿越火线,骑上我心爱的小摩托 5759096,无,0,翼彷桐刑,https://www.douyu.com//5759096
穿越火线,东部质量局 2448445,无,0,白鲨永恒,https://www.douyu.com//2448445
穿越火线,猛攻地板砖在线送人头,无,0,CF曹博,https://www.douyu.com//6501387
穿越火线,直播抽奖专业户的直播间,无,0,直播抽奖专业户,https://www.douyu.com//10862901
穿越火线,随便玩玩！~ 5430392,无,0,Night的寂寞,https://www.douyu.com//5430392
穿越火线,【CF半质局】心累到不想报点,无,0,北部南洋十三郎,https://www.douyu.com//7743995
穿越火线,给鸭鸭上分,无,0,象山跳扫王,https://www.douyu.com//8557358
穿越火线,执念03927的直播间,无,0,扮熊,https://www.douyu.com//8860700
穿越火线,没号了/全区排位秒上,无,0,阿楠Ak,https://www.douyu.com//7861040
穿越火线,新赛季开始排位,无,0,情久破烂,https://www.douyu.com//4731445
穿越火线,孑然东部荣耀枪王排位,无,0,孑然与你,https://www.douyu.com//6277474
穿越火线,排位赛，冲冲冲！,无,0,我有我的pleasure,https://www.douyu.com//10147525
穿越火线,CF新主播求关注,无,0,cf陈康,https://www.douyu.com//9326400
穿越火线,橙子:猛男直播间,无,0,我不是橙橙甜,https://www.douyu.com//7455070
穿越火线,瞎玩一会儿 .,无,0,今晚打老虎3664,https://www.douyu.com//9522582
穿越火线,XX徐在等一个机会,无,0,左手徐ii,https://www.douyu.com//7267219
穿越火线,今天又是帅气的小太爷,无,0,大神法力无边,https://www.douyu.com//10352920
穿越火线,定级定级！,无,0,执着Per,https://www.douyu.com//6955946
穿越火线,战斗机  大成,无,0,战斗机大成,https://www.douyu.com//5944436
穿越火线,十年了 老兵都去哪了,无,0,汉宫丶Croy,https://www.douyu.com//7148238
穿越火线,希望有一个人能看破小娜的脆弱,无,0,情久小妮娜,https://www.douyu.com//8656330
穿越火线,用户13596009的直播间,无,0,用户13596009,https://www.douyu.com//10433041
穿越火线,欢迎上车。每晚7点,无,0,CFZhenxi,https://www.douyu.com//9257067
穿越火线,一枝独秀，又菜又爱玩！,无,0,清城姐姐,https://www.douyu.com//9524274
穿越火线,永劫无间来咯0.0,无,0,情久黎凡大姐姐,https://www.douyu.com//8687
穿越火线,求关注   每天都会更新视频,无,0,Fu2k丶离殇,https://www.douyu.com//6029206
穿越火线,汉宫小牧的直播间,无,0,汉宫小牧,https://www.douyu.com//6762328
穿越火线,无可匹敌的饭量 10299845,无,0,夏饭啊,https://www.douyu.com//10299845
穿越火线,随风柚子在线互怼，CF柚子带你上分,无,0,随风视频柚子,https://www.douyu.com//9479960
穿越火线,CF游戏大杂烩,无,0,墨竹磕游戏,https://www.douyu.com//10394753
穿越火线,一天一个封号小技巧，天天学习封号小妙招,无,0,晚安406040,https://www.douyu.com//9108184
穿越火线,轮播中勿扰,无,0,阿吾想吃鱼,https://www.douyu.com//9670330
穿越火线,荣耀200多豆了，玩会地平线5,无,0,潮汐DY5916790,https://www.douyu.com//5916790
穿越火线,【北部】新赛季荣耀之巅走起,无,0,谦和无缺gg,https://www.douyu.com//605767
穿越火线,全区枪王排位 10572365,无,0,嘟嘟爱奶茶,https://www.douyu.com//10572365
穿越火线,娱乐局 半挂机,无,0,散人志,https://www.douyu.com//1972731
穿越火线,十一年斜键....,无,0,旧梦Dylan,https://www.douyu.com//8012235
穿越火线,一枪一个小朋友 6837655,无,0,小归尘,https://www.douyu.com//6837655
穿越火线,新主播喜欢的点点关注哦~,无,0,Monk丶帝王僧,https://www.douyu.com//4359848
穿越火线,练枪时间~6977001,无,0,C桑爱吃土,https://www.douyu.com//6977001
穿越火线,ROG全新出发,无,0,FairyTaleTownPLUS,https://www.douyu.com//6373079
穿越火线,苏青岑丶的直播间,无,0,苏青岑丶,https://www.douyu.com//7952998
穿越火线,和佣人阿乐的快乐,无,0,别问别想别回忆,https://www.douyu.com//667145
穿越火线,五子032的直播间,无,0,五子032,https://www.douyu.com//10877027
穿越火线,努塔嘎的直播间,无,0,努塔嘎,https://www.douyu.com//10878158
穿越火线,BelovedPoppy的直播间,无,0,BelovedPoppy,https://www.douyu.com//10879426
穿越火线,南部质量枪王排位,无,0,枪王李舒桐,https://www.douyu.com//10879442
穿越火线,ccf生化划水,无,0,蓝色天空哈哈,https://www.douyu.com//9873234
穿越火线,枪王排位来来来！,无,0,cf萌新小旭,https://www.douyu.com//10878123
穿越火线,自己播着玩，玩的菜，勿喷,无,0,凄凉家的小赵,https://www.douyu.com//10636793
穿越火线,螃蟹走猫步tc的直播间,无,0,螃蟹走猫步tc,https://www.douyu.com//10213170
穿越火线,又傻又白又甜,无,0,冷的御,https://www.douyu.com//10876792
穿越火线,随便打打排位吧~,无,0,小多dl,https://www.douyu.com//10036136
穿越火线,过来打打首胜,无,0,渝万一老年醉,https://www.douyu.com//2184894
穿越火线,阿源无状态,无,0,ayuan158,https://www.douyu.com//8758679
穿越火线,今天也是小笨蛋,无,0,小羊io,https://www.douyu.com//8629530
穿越火线,暂时没有麦克风 9168193,无,0,不断消失,https://www.douyu.com//9168193
穿越火线,斗鱼全皮肤点进来,无,47,情久月姐姐,https://www.douyu.com//897371
穿越火线,南部 娱乐,无,0.3,并肩ZL,https://www.douyu.com//9824903
穿越火线,全区，刀排，枪排，团队，枪王之王！,无,0.2,美男囝,https://www.douyu.com//7663429
穿越火线,免费帮你打排位,无,0.2,cf小宇呢,https://www.douyu.com//10484138
穿越火线,枪王排位：荣耀枪王,无,0.1,洛依神,https://www.douyu.com//8699217
穿越火线,新人直播，猛猛冲,无,0.1,CF躺躺,https://www.douyu.com//10847398
穿越火线,歪脖打不准,无,0,Lynx教练,https://www.douyu.com//7517395
穿越火线,r石家庄吴彦祖的直播间,无,0,r石家庄吴彦祖,https://www.douyu.com//8909858
